# Generate AUTHORS: hack/generate-authors.sh

# Tip for finding duplicates (besides scanning the output of AUTHORS for name
# duplicates that aren't also email duplicates): scan the output of:
#   git log --format='%aE - %aN' | sort -uf
#
# For explanation on this file format: man git-shortlog

<21551195@zju.edu.cn> <hsinko@users.noreply.github.com>
<mr.wrfly@gmail.com> <wrfly@users.noreply.github.com>
Aaron L. Xu <liker.xu@foxmail.com>
Aaron Lehmann <alehmann@netflix.com>
Aaron Lehmann <alehmann@netflix.com> <aaron.lehmann@docker.com>
Abhinandan Prativadi <aprativadi@gmail.com>
Abhinandan Prativadi <aprativadi@gmail.com> <abhi@docker.com>
Abhinandan Prativadi <aprativadi@gmail.com> abhi <user.email>
Abhishek Chanda <abhishek.becs@gmail.com>
Abhishek Chanda <abhishek.becs@gmail.com> <abhishek.chanda@emc.com>
Ada Mancini <ada@docker.com>
Adam Dobrawy <naczelnik@jawnosc.tk>
Adam Dobrawy <naczelnik@jawnosc.tk> <ad-m@users.noreply.github.com>
Adrien Gallouët <adrien@gallouet.fr> <angt@users.noreply.github.com>
Ahmed Kamal <email.ahmedkamal@googlemail.com>
Ahmet Alp Balkan <ahmetb@microsoft.com> <ahmetalpbalkan@gmail.com>
AJ Bowen <aj@soulshake.net>
AJ Bowen <aj@soulshake.net> <aj@gandi.net>
AJ Bowen <aj@soulshake.net> <amy@gandi.net>
Akihiro Matsushima <amatsusbit@gmail.com> <amatsus@users.noreply.github.com>
Akihiro Suda <akihiro.suda.cz@hco.ntt.co.jp>
Akihiro Suda <akihiro.suda.cz@hco.ntt.co.jp> <suda.akihiro@lab.ntt.co.jp>
Akihiro Suda <akihiro.suda.cz@hco.ntt.co.jp> <suda.kyoto@gmail.com>
Akshay Moghe <akshay.moghe@gmail.com>
Albin Kerouanton <albinker@gmail.com>
Albin Kerouanton <albinker@gmail.com> <albin@akerouanton.name>
Aleksa Sarai <asarai@suse.de>
Aleksa Sarai <asarai@suse.de> <asarai@suse.com>
Aleksa Sarai <asarai@suse.de> <cyphar@cyphar.com>
Aleksandrs Fadins <aleks@s-ko.net>
Alessandro Boch <aboch@tetrationanalytics.com>
Alessandro Boch <aboch@tetrationanalytics.com>
Alessandro Boch <aboch@tetrationanalytics.com> <aboch@docker.com>
Alessandro Boch <aboch@tetrationanalytics.com> <aboch@socketplane.io>
Alessandro Boch <aboch@tetrationanalytics.com> <aboch@users.noreply.github.com>
Alex Chan <alex@alexwlchan.net>
Alex Chan <alex@alexwlchan.net> <alex.chan@metaswitch.com>
Alex Chen <alexchenunix@gmail.com> <root@localhost.localdomain>
Alex Ellis <alexellis2@gmail.com>
Alex Goodman <wagoodman@gmail.com> <wagoodman@users.noreply.github.com>
Alexander Larsson <alexl@redhat.com> <alexander.larsson@gmail.com>
Alexander Morozov <lk4d4math@gmail.com>
Alexander Morozov <lk4d4math@gmail.com> <lk4d4@docker.com>
Alexandre Beslic <alexandre.beslic@gmail.com> <abronan@docker.com>
Alexis Ries <ries.alexis@gmail.com>
Alexis Ries <ries.alexis@gmail.com> <alexis.ries.ext@orange.com>
Alexis Thomas <fr.alexisthomas@gmail.com>
Alicia Lauerman <alicia@eta.im> <allydevour@me.com>
Allen Sun <allensun.shl@alibaba-inc.com> <allen.sun@daocloud.io>
Allen Sun <allensun.shl@alibaba-inc.com> <shlallen1990@gmail.com>
Anca Iordache <anca.iordache@docker.com>
Andrea Denisse Gómez <crypto.andrea@protonmail.ch>
Andrew Kim <taeyeonkim90@gmail.com>
Andrew Kim <taeyeonkim90@gmail.com> <akim01@fortinet.com>
Andrew Weiss <andrew.weiss@docker.com> <andrew.weiss@microsoft.com>
Andrew Weiss <andrew.weiss@docker.com> <andrew.weiss@outlook.com>
Andrey Kolomentsev <andrey.kolomentsev@docker.com>
Andrey Kolomentsev <andrey.kolomentsev@docker.com> <andrey.kolomentsev@gmail.com>
André Martins  <aanm90@gmail.com> <martins@noironetworks.com>
Andy Rothfusz <github@developersupport.net> <github@metaliveblog.com>
Andy Smith <github@anarkystic.com>
Ankush Agarwal <ankushagarwal11@gmail.com> <ankushagarwal@users.noreply.github.com>
Antonio Murdaca <antonio.murdaca@gmail.com> <amurdaca@redhat.com>
Antonio Murdaca <antonio.murdaca@gmail.com> <me@runcom.ninja>
Antonio Murdaca <antonio.murdaca@gmail.com> <runcom@linux.com>
Antonio Murdaca <antonio.murdaca@gmail.com> <runcom@redhat.com>
Antonio Murdaca <antonio.murdaca@gmail.com> <runcom@users.noreply.github.com>
Anuj Bahuguna <anujbahuguna.dev@gmail.com>
Anuj Bahuguna <anujbahuguna.dev@gmail.com> <abahuguna@fiberlink.com>
Anusha Ragunathan <anusha.ragunathan@docker.com> <anusha@docker.com>
Anyu Wang <wanganyu@outlook.com>
Arko Dasgupta <arko@tetrate.io>
Arko Dasgupta <arko@tetrate.io> <arko.dasgupta@docker.com>
Arko Dasgupta <arko@tetrate.io> <arkodg@users.noreply.github.com>
Arnaud Porterie <icecrime@gmail.com>
Arnaud Porterie <icecrime@gmail.com> <arnaud.porterie@docker.com>
Arnaud Rebillout <arnaud.rebillout@collabora.com>
Arnaud Rebillout <arnaud.rebillout@collabora.com> <elboulangero@gmail.com>
Arthur Gautier <baloo@gandi.net> <superbaloo+registrations.github@superbaloo.net>
Avi Miller <avi.miller@oracle.com> <avi.miller@gmail.com>
Ben Bonnefoy <frenchben@docker.com>
Ben Golub <ben.golub@dotcloud.com>
Ben Toews <mastahyeti@gmail.com> <mastahyeti@users.noreply.github.com>
Benny Ng <benny.tpng@gmail.com>
Benoit Chesneau <bchesneau@gmail.com>
Bevisy Zhang <binbin36520@gmail.com>
Bhiraj Butala <abhiraj.butala@gmail.com>
Bhumika Bayani <bhumikabayani@gmail.com>
Bilal Amarni <bilal.amarni@gmail.com> <bamarni@users.noreply.github.com>
Bill Wang <ozbillwang@gmail.com> <SydOps@users.noreply.github.com>
Bily Zhang <xcoder@tenxcloud.com>
Bin Liu <liubin0329@gmail.com>
Bin Liu <liubin0329@gmail.com> <liubin0329@users.noreply.github.com>
Bingshen Wang <bingshen.wbs@alibaba-inc.com>
Boaz Shuster <ripcurld.github@gmail.com>
Boqin Qin <bobbqqin@gmail.com>
Brandon Philips <brandon.philips@coreos.com> <brandon@ifup.co>
Brandon Philips <brandon.philips@coreos.com> <brandon@ifup.org>
Brent Salisbury <brent.salisbury@docker.com> <brent@docker.com>
Brian Goff <cpuguy83@gmail.com>
Brian Goff <cpuguy83@gmail.com> <bgoff@cpuguy83-mbp.home>
Brian Goff <cpuguy83@gmail.com> <bgoff@cpuguy83-mbp.local>
Brian Goff <cpuguy83@gmail.com> <brian.goff@microsoft.com>
Brian Goff <cpuguy83@gmail.com> <cpuguy@hey.com>
Cameron Sparr <gh@sparr.email>
Carlos de Paula <me@carlosedp.com>
Chander Govindarajan <chandergovind@gmail.com>
Chao Wang <wangchao.fnst@cn.fujitsu.com> <chaowang@localhost.localdomain>
Charles Hooper <charles.hooper@dotcloud.com> <chooper@plumata.com>
Chen Chao <cc272309126@gmail.com>
Chen Chuanliang <chen.chuanliang@zte.com.cn>
Chen Mingjie <chenmingjie0828@163.com>
Chen Qiu <cheney-90@hotmail.com>
Chen Qiu <cheney-90@hotmail.com> <21321229@zju.edu.cn>
Chengfei Shang <cfshang@alauda.io>
Chris Dias <cdias@microsoft.com>
Chris McKinnel <chris.mckinnel@tangentlabs.co.uk>
Chris Price <cprice@mirantis.com>
Chris Price <cprice@mirantis.com> <chris.price@docker.com>
Chris Telfer <ctelfer@docker.com>
Chris Telfer <ctelfer@docker.com> <ctelfer@users.noreply.github.com>
Christopher Biscardi <biscarch@sketcht.com>
Christopher Latham <sudosurootdev@gmail.com>
Christy Norman <christy@linux.vnet.ibm.com>
Chun Chen <ramichen@tencent.com> <chenchun.feed@gmail.com>
Corbin Coleman <corbin.coleman@docker.com>
Cristian Ariza <dev@cristianrz.com>
Cristian Staretu <cristian.staretu@gmail.com>
Cristian Staretu <cristian.staretu@gmail.com> <unclejack@users.noreply.github.com>
Cristian Staretu <cristian.staretu@gmail.com> <unclejacksons@gmail.com>
CUI Wei <ghostplant@qq.com> cuiwei13 <cuiwei13@pku.edu.cn>
Daehyeok Mun <daehyeok@gmail.com>
Daehyeok Mun <daehyeok@gmail.com> <daehyeok@daehyeok-ui-MacBook-Air.local>
Daehyeok Mun <daehyeok@gmail.com> <daehyeok@daehyeokui-MacBook-Air.local>
Dan Feldman <danf@jfrog.com>
Daniel Dao <dqminh@cloudflare.com>
Daniel Dao <dqminh@cloudflare.com> <dqminh89@gmail.com>
Daniel Garcia <daniel@danielgarcia.info>
Daniel Gasienica <daniel@gasienica.ch> <dgasienica@zynga.com>
Daniel Goosen <daniel.goosen@surveysampling.com> <djgoosen@users.noreply.github.com>
Daniel Grunwell <mwgrunny@gmail.com>
Daniel Hiltgen <daniel.hiltgen@docker.com> <dhiltgen@users.noreply.github.com>
Daniel J Walsh <dwalsh@redhat.com>
Daniel Mizyrycki <daniel.mizyrycki@dotcloud.com> <daniel@dotcloud.com>
Daniel Mizyrycki <daniel.mizyrycki@dotcloud.com> <mzdaniel@glidelink.net>
Daniel Mizyrycki <daniel.mizyrycki@dotcloud.com> <root@vagrant-ubuntu-12.10.vagrantup.com>
Daniel Nephin <dnephin@docker.com> <dnephin@gmail.com>
Daniel Norberg <dano@spotify.com> <daniel.norberg@gmail.com>
Daniel Watkins <daniel@daniel-watkins.co.uk>
Daniel Zhang <jmzwcn@gmail.com>
Danny Yates <danny@codeaholics.org> <Danny.Yates@mailonline.co.uk>
Darren Shepherd <darren.s.shepherd@gmail.com> <darren@rancher.com>
Dattatraya Kumbhar <dattatraya.kumbhar@gslab.com>
Dave Goodchild <buddhamagnet@gmail.com>
Dave Henderson <dhenderson@gmail.com> <Dave.Henderson@ca.ibm.com>
Dave Tucker <dt@docker.com> <dave@dtucker.co.uk>
David M. Karr <davidmichaelkarr@gmail.com>
David Sheets <dsheets@docker.com> <sheets@alum.mit.edu>
David Sissitka <me@dsissitka.com>
David Williamson <david.williamson@docker.com> <davidwilliamson@users.noreply.github.com>
Derek Ch <denc716@gmail.com>
Derek McGowan <derek@mcg.dev>
Derek McGowan <derek@mcg.dev> <derek@mcgstyle.net>
Deshi Xiao <dxiao@redhat.com> <dsxiao@dataman-inc.com>
Deshi Xiao <dxiao@redhat.com> <xiaods@gmail.com>
Dhilip Kumars <dhilip.kumar.s@huawei.com>
Diego Siqueira <dieg0@live.com>
Diogo Monica <diogo@docker.com> <diogo.monica@gmail.com>
Dmitry Sharshakov <d3dx12.xx@gmail.com>
Dmitry Sharshakov <d3dx12.xx@gmail.com> <sh7dm@outlook.com>
Dmytro Iakovliev <dmytro.iakovliev@zodiacsystems.com>
Dominic Yin <yindongchao@inspur.com>
Dominik Honnef <dominik@honnef.co> <dominikh@fork-bomb.org>
Doug Davis <dug@us.ibm.com> <duglin@users.noreply.github.com>
Doug Tangren <d.tangren@gmail.com>
Drew Erny <derny@mirantis.com>
Drew Erny <derny@mirantis.com> <drew.erny@docker.com>
Elan Ruusamäe <glen@pld-linux.org>
Elan Ruusamäe <glen@pld-linux.org> <glen@delfi.ee>
Elango Sivanandam <elango.siva@docker.com>
Elango Sivanandam <elango.siva@docker.com> <elango@docker.com>
Eli Uriegas <seemethere101@gmail.com>
Eli Uriegas <seemethere101@gmail.com> <eli.uriegas@docker.com>
Eric G. Noriega <enoriega@vizuri.com> <egnoriega@users.noreply.github.com>
Eric Hanchrow <ehanchrow@ine.com> <eric.hanchrow@gmail.com>
Eric Rosenberg <ehaydenr@gmail.com> <ehaydenr@users.noreply.github.com>
Erica Windisch <erica@windisch.us> <eric@windisch.us>
Erica Windisch <erica@windisch.us> <ewindisch@docker.com>
Erik Hollensbe <github@hollensbe.org> <erik+github@hollensbe.org>
Erwin van der Koogh <info@erronis.nl>
Ethan Bell <ebgamer29@gmail.com>
Euan Kemp <euan.kemp@coreos.com> <euank@amazon.com>
Eugen Krizo <eugen.krizo@gmail.com>
Evan Hazlett <ejhazlett@gmail.com> <ehazlett@users.noreply.github.com>
Evelyn Xu <evelynhsu21@gmail.com>
Evgeny Shmarnev <shmarnev@gmail.com>
Faiz Khan <faizkhan00@gmail.com>
Fangming Fang <fangming.fang@arm.com>
Felix Hupfeld <felix@quobyte.com> <quofelix@users.noreply.github.com>
Felix Ruess <felix.ruess@gmail.com> <felix.ruess@roboception.de>
Feng Yan <fy2462@gmail.com>
Fengtu Wang <wangfengtu@huawei.com> <wangfengtu@huawei.com>
Francisco Carriedo <fcarriedo@gmail.com>
Frank Rosquin <frank.rosquin+github@gmail.com> <frank.rosquin@gmail.com>
Frank Yang <yyb196@gmail.com>
Frederick F. Kautz IV <fkautz@redhat.com> <fkautz@alumni.cmu.edu>
Fu JinLin <withlin@yeah.net>
Gabriel Goller <gabrielgoller123@gmail.com>
Gabriel Nicolas Avellaneda <avellaneda.gabriel@gmail.com>
Gaetan de Villele <gdevillele@gmail.com>
Gang Qiao <qiaohai8866@gmail.com> <1373319223@qq.com>
Geon Kim <geon0250@gmail.com>
George Kontridze <george@bugsnag.com>
Gerwim Feiken <g.feiken@tfe.nl> <gerwim@gmail.com>
Giampaolo Mancini <giampaolo@trampolineup.com>
Giovan Isa Musthofa <giovanism@outlook.co.id>
Gopikannan Venugopalsamy <gopikannan.venugopalsamy@gmail.com>
Gou Rao <gou@portworx.com> <gourao@users.noreply.github.com>
Grant Millar <rid@cylo.io>
Grant Millar <rid@cylo.io> <grant@cylo.io>
Grant Millar <rid@cylo.io> <grant@seednet.eu>
Greg Stephens <greg@udon.org>
Guillaume J. Charmes <guillaume.charmes@docker.com> <charmes.guillaume@gmail.com>
Guillaume J. Charmes <guillaume.charmes@docker.com> <guillaume.charmes@dotcloud.com>
Guillaume J. Charmes <guillaume.charmes@docker.com> <guillaume@charmes.net>
Guillaume J. Charmes <guillaume.charmes@docker.com> <guillaume@docker.com>
Guillaume J. Charmes <guillaume.charmes@docker.com> <guillaume@dotcloud.com>
Gunadhya S. <6939749+gunadhya@users.noreply.github.com>
Guoqiang QI <guoqiang.qi1@gmail.com>
Guri <odg0318@gmail.com>
Gurjeet Singh <gurjeet@singh.im> <singh.gurjeet@gmail.com>
Gustav Sinder <gustav.sinder@gmail.com>
Günther Jungbluth <gunther@gameslabs.net>
Hakan Özler <hakan.ozler@kodcu.com>
Hao Shu Wei <haosw@cn.ibm.com>
Hao Shu Wei <haosw@cn.ibm.com> <haoshuwei1989@163.com>
Harald Albers <github@albersweb.de> <albers@users.noreply.github.com>
Harald Niesche <harald@niesche.de>
Harold Cooper <hrldcpr@gmail.com>
Harry Zhang <harryz@hyper.sh> <harryzhang@zju.edu.cn>
Harry Zhang <harryz@hyper.sh> <resouer@163.com>
Harry Zhang <harryz@hyper.sh> <resouer@gmail.com>
Harry Zhang <resouer@163.com>
Harshal Patil <harshal.patil@in.ibm.com> <harche@users.noreply.github.com>
Helen Xie <chenjg@harmonycloud.cn>
Hiroyuki Sasagawa <hs19870702@gmail.com>
Hollie Teal <hollie@docker.com>
Hollie Teal <hollie@docker.com> <hollie.teal@docker.com>
Hollie Teal <hollie@docker.com> <hollietealok@users.noreply.github.com>
Hu Keping <hukeping@huawei.com>
Hui Kang <hkang.sunysb@gmail.com>
Hui Kang <hkang.sunysb@gmail.com> <kangh@us.ibm.com>
Huu Nguyen <huu@prismskylabs.com> <whoshuu@gmail.com>
Hyzhou Zhy <hyzhou.zhy@alibaba-inc.com>
Hyzhou Zhy <hyzhou.zhy@alibaba-inc.com> <1187766782@qq.com>
Ian Campbell <ian.campbell@docker.com>
Ian Campbell <ian.campbell@docker.com> <ijc@docker.com>
Ilya Khlopotov <ilya.khlopotov@gmail.com>
Iskander Sharipov <quasilyte@gmail.com>
Ivan Markin <sw@nogoegst.net> <twim@riseup.net>
Jack Laxson <jackjrabbit@gmail.com>
Jacob Atzen <jacob@jacobatzen.dk> <jatzen@gmail.com>
Jacob Tomlinson <jacob@tom.linson.uk> <jacobtomlinson@users.noreply.github.com>
Jaivish Kothari <janonymous.codevulture@gmail.com>
Jake Moshenko <jake@devtable.com>
Jakub Drahos <jdrahos@pulsepoint.com>
Jakub Drahos <jdrahos@pulsepoint.com> <jack.drahos@gmail.com>
James Nesbitt <jnesbitt@mirantis.com>
James Nesbitt <jnesbitt@mirantis.com> <james.nesbitt@wunderkraut.com>
Jamie Hannaford <jamie@limetree.org> <jamie.hannaford@rackspace.com>
Jana Radhakrishnan <mrjana@docker.com>
Jana Radhakrishnan <mrjana@docker.com> <mrjana@socketplane.io>
Javier Bassi <javierbassi@gmail.com>
Javier Bassi <javierbassi@gmail.com> <CrimsonGlory@users.noreply.github.com>
Jay Lim <jay@imjching.com>
Jay Lim <jay@imjching.com> <imjching@hotmail.com>
Jean Rouge <rougej+github@gmail.com> <jer329@cornell.edu>
Jean-Baptiste Barth <jeanbaptiste.barth@gmail.com>
Jean-Baptiste Dalido <jeanbaptiste@appgratis.com>
Jean-Tiare Le Bigot <jt@yadutaf.fr> <admin@jtlebi.fr>
Jeff Anderson <jeff@docker.com> <jefferya@programmerq.net>
Jeff Nickoloff <jeff.nickoloff@gmail.com> <jeff@allingeek.com>
Jeroen Franse <jeroenfranse@gmail.com>
Jessica Frazelle <jess@oxide.computer>
Jessica Frazelle <jess@oxide.computer> <acidburn@docker.com>
Jessica Frazelle <jess@oxide.computer> <acidburn@google.com>
Jessica Frazelle <jess@oxide.computer> <acidburn@microsoft.com>
Jessica Frazelle <jess@oxide.computer> <jess@docker.com>
Jessica Frazelle <jess@oxide.computer> <jess@mesosphere.com>
Jessica Frazelle <jess@oxide.computer> <jessfraz@google.com>
Jessica Frazelle <jess@oxide.computer> <jfrazelle@users.noreply.github.com>
Jessica Frazelle <jess@oxide.computer> <me@jessfraz.com>
Jessica Frazelle <jess@oxide.computer> <princess@docker.com>
Jian Liao <jliao@alauda.io>
Jiang Jinyang <jjyruby@gmail.com>
Jiang Jinyang <jjyruby@gmail.com> <jiangjinyang@outlook.com>
Jim Galasyn <jim.galasyn@docker.com>
Jiuyue Ma <majiuyue@huawei.com>
Joey Geiger <jgeiger@gmail.com>
Joffrey F <joffrey@docker.com>
Joffrey F <joffrey@docker.com> <f.joffrey@gmail.com>
Joffrey F <joffrey@docker.com> <joffrey@dotcloud.com>
Johan Euphrosine <proppy@google.com> <proppy@aminche.com>
John Harris <john@johnharris.io>
John Howard <github@lowenna.com>
John Howard <github@lowenna.com> <10522484+lowenna@users.noreply.github.com>
John Howard <github@lowenna.com> <jhoward@microsoft.com>
John Howard <github@lowenna.com> <jhoward@ntdev.microsoft.com>
John Howard <github@lowenna.com> <jhowardmsft@users.noreply.github.com>
John Howard <github@lowenna.com> <John.Howard@microsoft.com>
John Howard <github@lowenna.com> <john.howard@microsoft.com>
John Stephens <johnstep@docker.com> <johnstep@users.noreply.github.com>
Jon Surrell <jon.surrell@gmail.com> <jon.surrell@automattic.com>
Jonathan Choy <jonathan.j.choy@gmail.com>
Jonathan Choy <jonathan.j.choy@gmail.com> <oni@tetsujinlabs.com>
Jordan Arentsen <blissdev@gmail.com>
Jordan Jennings <jjn2009@gmail.com> <jjn2009@users.noreply.github.com>
Jorit Kleine-Möllhoff <joppich@bricknet.de> <joppich@users.noreply.github.com>
Jose Diaz-Gonzalez <email@josediazgonzalez.com>
Jose Diaz-Gonzalez <email@josediazgonzalez.com> <jose@seatgeek.com>
Jose Diaz-Gonzalez <email@josediazgonzalez.com> <josegonzalez@users.noreply.github.com>
Josh Bonczkowski <josh.bonczkowski@gmail.com>
Josh Eveleth <joshe@opendns.com> <jeveleth@users.noreply.github.com>
Josh Hawn <josh.hawn@docker.com> <jlhawn@berkeley.edu>
Josh Horwitz <horwitz@addthis.com> <horwitzja@gmail.com>
Josh Soref <jsoref@gmail.com> <jsoref@users.noreply.github.com>
Josh Wilson <josh.wilson@fivestars.com> <jcwilson@users.noreply.github.com>
Joyce Jang <mail@joycejang.com>
Julien Bordellier <julienbordellier@gmail.com> <git@julienbordellier.com>
Julien Bordellier <julienbordellier@gmail.com> <me@julienbordellier.com>
Jun Du <dujun5@huawei.com>
Justin Cormack <justin.cormack@docker.com>
Justin Cormack <justin.cormack@docker.com> <justin.cormack@unikernel.com>
Justin Cormack <justin.cormack@docker.com> <justin@specialbusservice.com>
Justin Keller <85903732+jk-vb@users.noreply.github.com>
Justin Keller <85903732+jk-vb@users.noreply.github.com> <jkeller@vb-jkeller-mbp.local>
Justin Simonelis <justin.p.simonelis@gmail.com> <justin.simonelis@PTS-JSIMON2.toronto.exclamation.com>
Justin Terry <juterry@microsoft.com>
Jérôme Petazzoni <jerome.petazzoni@docker.com> <jerome.petazzoni@dotcloud.com>
Jérôme Petazzoni <jerome.petazzoni@docker.com> <jerome.petazzoni@gmail.com>
Jérôme Petazzoni <jerome.petazzoni@docker.com> <jp@enix.org>
K. Heller <pestophagous@gmail.com> <pestophagous@users.noreply.github.com>
Kai Qiang Wu (Kennan) <wkq5325@gmail.com>
Kai Qiang Wu (Kennan) <wkq5325@gmail.com> <wkqwu@cn.ibm.com>
Kamil Domański <kamil@domanski.co>
Kamjar Gerami <kami.gerami@gmail.com>
Karthik Nayak <karthik.188@gmail.com>
Karthik Nayak <karthik.188@gmail.com> <Karthik.188@gmail.com>
Ken Cochrane <kencochrane@gmail.com> <KenCochrane@gmail.com>
Ken Herner <kherner@progress.com> <chosenken@gmail.com>
Ken Reese <krrgithub@gmail.com>
Kenfe-Mickaël Laventure <mickael.laventure@gmail.com>
Kevin Alvarez <crazy-max@users.noreply.github.com>
Kevin Feyrer <kevin.feyrer@btinternet.com> <kevinfeyrer@users.noreply.github.com>
Kevin Kern <kaiwentan@harmonycloud.cn>
Kevin Meredith <kevin.m.meredith@gmail.com>
Kir Kolyshkin <kolyshkin@gmail.com>
Kir Kolyshkin <kolyshkin@gmail.com> <kir@openvz.org>
Kir Kolyshkin <kolyshkin@gmail.com> <kolyshkin@users.noreply.github.com>
Konrad Kleine <konrad.wilhelm.kleine@gmail.com> <kwk@users.noreply.github.com>
Konstantin Gribov <grossws@gmail.com>
Konstantin Pelykh <kpelykh@zettaset.com>
Kotaro Yoshimatsu <kotaro.yoshimatsu@gmail.com>
Kunal Kushwaha <kushwaha_kunal_v7@lab.ntt.co.jp>
Kunal Kushwaha <kushwaha_kunal_v7@lab.ntt.co.jp> <btkushuwahak@KUNAL-PC.swh.swh.nttdata.co.jp>
Kunal Kushwaha <kushwaha_kunal_v7@lab.ntt.co.jp> <kunal.kushwaha@gmail.com>
Kyle Squizzato <ksquizz@gmail.com>
Kyle Squizzato <ksquizz@gmail.com> <kyle.squizzato@docker.com>
Lajos Papp <lajos.papp@sequenceiq.com> <lalyos@yahoo.com>
Lei Gong <lgong@alauda.io>
Lei Jitang <leijitang@huawei.com>
Lei Jitang <leijitang@huawei.com> <leijitang@gmail.com>
Lei Jitang <leijitang@huawei.com> <leijitang@outlook.com>
Leiiwang <u2takey@gmail.com>
Liang Mingqiang <mqliang.zju@gmail.com>
Liang-Chi Hsieh <viirya@gmail.com>
Liao Qingwei <liaoqingwei@huawei.com>
Linus Heckemann <lheckemann@twig-world.com>
Linus Heckemann <lheckemann@twig-world.com> <anonymouse2048@gmail.com>
Lokesh Mandvekar <lsm5@fedoraproject.org> <lsm5@redhat.com>
Lorenzo Fontana <fontanalorenz@gmail.com> <fontanalorenzo@me.com>
Lorenzo Fontana <fontanalorenz@gmail.com> <lo@linux.com>
Louis Opter <kalessin@kalessin.fr>
Louis Opter <kalessin@kalessin.fr> <louis@dotcloud.com>
Luca Favatella <luca.favatella@erlang-solutions.com> <lucafavatella@users.noreply.github.com>
Luke Marsden <me@lukemarsden.net> <luke@digital-crocus.com>
Lyn <energylyn@zju.edu.cn>
Lynda O'Leary <lyndaoleary29@gmail.com>
Lynda O'Leary <lyndaoleary29@gmail.com> <lyndaoleary@hotmail.com>
Ma Müller <mueller-ma@users.noreply.github.com>
Madhan Raj Mookkandy <MadhanRaj.Mookkandy@microsoft.com>
Madhan Raj Mookkandy <MadhanRaj.Mookkandy@microsoft.com> <madhanm@corp.microsoft.com>
Madhan Raj Mookkandy <MadhanRaj.Mookkandy@microsoft.com> <madhanm@microsoft.com>
Madhu Venugopal <mavenugo@gmail.com> <madhu@docker.com>
Madhu Venugopal <mavenugo@gmail.com> <madhu@socketplane.io>
Mageee <fangpuyi@foxmail.com> <21521230.zju.edu.cn>
Mansi Nahar <mmn4185@rit.edu> <mansi.nahar@macbookpro-mansinahar.local>
Mansi Nahar <mmn4185@rit.edu> <mansinahar@users.noreply.github.com>
Marc Abramowitz <marc@marc-abramowitz.com> <msabramo@gmail.com>
Marcelo Horacio Fortino <info@fortinux.com> <fortinux@users.noreply.github.com>
Marcus Linke <marcus.linke@gmx.de>
Marianna Tessel <mtesselh@gmail.com>
Mark Oates <fl0yd@me.com>
Markan Patel <mpatel678@gmail.com>
Markus Kortlang <hyp3rdino@googlemail.com> <markus.kortlang@lhsystems.com>
Martin Redmond <redmond.martin@gmail.com> <martin@tinychat.com>
Martin Redmond <redmond.martin@gmail.com> <xgithub@redmond5.com>
Maru Newby <mnewby@thesprawl.net>
Mary Anthony <mary.anthony@docker.com> <mary@docker.com>
Mary Anthony <mary.anthony@docker.com> <moxieandmore@gmail.com>
Mary Anthony <mary.anthony@docker.com> moxiegirl <mary@docker.com>
Masato Ohba <over.rye@gmail.com>
Mathieu Paturel <mathieu.paturel@gmail.com>
Matt Bentley <matt.bentley@docker.com> <mbentley@mbentley.net>
Matt Schurenko <matt.schurenko@gmail.com>
Matt Williams <mattyw@me.com>
Matt Williams <mattyw@me.com> <gh@mattyw.net>
Matthew Heon <mheon@redhat.com> <mheon@mheonlaptop.redhat.com>
Matthew Mosesohn <raytrac3r@gmail.com>
Matthew Mueller <mattmuelle@gmail.com>
Matthias Kühnle <git.nivoc@neverbox.com> <kuehnle@online.de>
Mauricio Garavaglia <mauricio@medallia.com> <mauriciogaravaglia@gmail.com>
Maxwell <csuhp007@gmail.com>
Maxwell <csuhp007@gmail.com> <csuhqg@foxmail.com>
Menghui Chen <menghui.chen@alibaba-inc.com>
Michael Beskin <mrbeskin@gmail.com>
Michael Crosby <crosbymichael@gmail.com>
Michael Crosby <crosbymichael@gmail.com> <crosby.michael@gmail.com>
Michael Crosby <crosbymichael@gmail.com> <michael@crosbymichael.com>
Michael Crosby <crosbymichael@gmail.com> <michael@docker.com>
Michael Crosby <crosbymichael@gmail.com> <michael@thepasture.io>
Michael Hudson-Doyle <michael.hudson@canonical.com> <michael.hudson@linaro.org>
Michael Huettermann <michael@huettermann.net>
Michael Käufl <docker@c.michael-kaeufl.de> <michael-k@users.noreply.github.com>
Michael Nussbaum <michael.nussbaum@getbraintree.com>
Michael Nussbaum <michael.nussbaum@getbraintree.com> <code@getbraintree.com>
Michael Spetsiotis <michael_spets@hotmail.com>
Michael Stapelberg <michael+gh@stapelberg.de>
Michael Stapelberg <michael+gh@stapelberg.de> <stapelberg@google.com>
Michal Kostrzewa <michal.kostrzewa@codilime.com>
Michal Kostrzewa <michal.kostrzewa@codilime.com> <kostrzewa.michal@o2.pl>
Michal Minář <miminar@redhat.com>
Michał Gryko <github@odkurzacz.org>
Michiel de Jong <michiel@unhosted.org>
Mickaël Fortunato <morsi.morsicus@gmail.com>
Miguel Angel Alvarez Cabrerizo <doncicuto@gmail.com> <30386061+doncicuto@users.noreply.github.com>
Miguel Angel Fernández <elmendalerenda@gmail.com>
Mihai Borobocea <MihaiBorob@gmail.com> <MihaiBorobocea@gmail.com>
Mikael Davranche <mikael.davranche@corp.ovh.com>
Mikael Davranche <mikael.davranche@corp.ovh.com> <mikael.davranche@corp.ovh.net>
Mike Casas <mkcsas0@gmail.com> <mikecasas@users.noreply.github.com>
Mike Goelzer <mike.goelzer@docker.com> <mgoelzer@docker.com>
Milind Chawre <milindchawre@gmail.com>
Misty Stanley-Jones <misty@docker.com> <misty@apache.org>
Mohammad Banikazemi <MBanikazemi@gmail.com>
Mohammad Banikazemi <MBanikazemi@gmail.com> <mb@us.ibm.com>
Mohit Soni <mosoni@ebay.com> <mohitsoni1989@gmail.com>
Moorthy RS <rsmoorthy@gmail.com> <rsmoorthy@users.noreply.github.com>
Moysés Borges <moysesb@gmail.com>
Moysés Borges <moysesb@gmail.com> <moyses.furtado@wplex.com.br>
Nace Oroz <orkica@gmail.com>
Natasha Jarus <linuxmercedes@gmail.com>
Nathan LeClaire <nathan.leclaire@docker.com> <nathan.leclaire@gmail.com>
Nathan LeClaire <nathan.leclaire@docker.com> <nathanleclaire@gmail.com>
Neil Horman <nhorman@tuxdriver.com> <nhorman@hmswarspite.think-freely.org>
Nick Russo <nicholasjamesrusso@gmail.com> <nicholasrusso@icloud.com>
Nicolas Borboën <ponsfrilus@gmail.com> <ponsfrilus@users.noreply.github.com>
Nigel Poulton <nigelpoulton@hotmail.com>
Nik Nyby <nikolas@gnu.org> <nnyby@columbia.edu>
Nolan Darilek <nolan@thewordnerd.info>
O.S. Tezer <ostezer@gmail.com>
O.S. Tezer <ostezer@gmail.com> <ostezer@users.noreply.github.com>
Oh Jinkyun <tintypemolly@gmail.com> <tintypemolly@Ohui-MacBook-Pro.local>
Oliver Reason <oli@overrateddev.co>
Olli Janatuinen <olli.janatuinen@gmail.com>
Olli Janatuinen <olli.janatuinen@gmail.com> <olljanat@users.noreply.github.com>
Onur Filiz <onur.filiz@microsoft.com>
Onur Filiz <onur.filiz@microsoft.com> <ofiliz@users.noreply.github.com>
Ouyang Liduo <oyld0210@163.com>
Patrick Stapleton <github@gdi2290.com>
Paul Liljenberg <liljenberg.paul@gmail.com> <letters@paulnotcom.se>
Pavel Tikhomirov <ptikhomirov@virtuozzo.com> <ptikhomirov@parallels.com>
Pawel Konczalski <mail@konczalski.de>
Peter Choi <phkchoi89@gmail.com> <reikani@Peters-MacBook-Pro.local>
Peter Dave Hello <hsu@peterdavehello.org> <PeterDaveHello@users.noreply.github.com>
Peter Jaffe <pjaffe@nevo.com>
Peter Nagy <xificurC@gmail.com> <pnagy@gratex.com>
Peter Waller <p@pwaller.net> <peter@scraperwiki.com>
Phil Estes <estesp@gmail.com>
Phil Estes <estesp@gmail.com> <estesp@amazon.com>
Phil Estes <estesp@gmail.com> <estesp@linux.vnet.ibm.com>
Philip Alexander Etling <paetling@gmail.com>
Philipp Gillé <philipp.gille@gmail.com> <philippgille@users.noreply.github.com>
Prasanna Gautam <prasannagautam@gmail.com>
Puneet Pruthi <puneet.pruthi@oracle.com>
Puneet Pruthi <puneet.pruthi@oracle.com> <puneetpruthi@gmail.com>
Qiang Huang <h.huangqiang@huawei.com>
Qiang Huang <h.huangqiang@huawei.com> <qhuang@10.0.2.15>
Qin TianHuan <tianhuan@bingotree.cn>
Ray Tsang <rayt@google.com> <saturnism@users.noreply.github.com>
Renaud Gaubert <rgaubert@nvidia.com> <renaud.gaubert@gmail.com>
Robert Terhaar <rterhaar@atlanticdynamic.com> <robbyt@users.noreply.github.com>
Roberto G. Hashioka <roberto.hashioka@docker.com> <roberto_hashioka@hotmail.com>
Roberto Muñoz Fernández <robertomf@gmail.com> <roberto.munoz.fernandez.contractor@bbva.com>
Robin Thoni <robin@rthoni.com>
Roman Dudin <katrmr@gmail.com> <decadent@users.noreply.github.com>
Rong Zhang <rongzhang@alauda.io>
Rongxiang Song <tinysong1226@gmail.com>
Rony Weng <ronyweng@synology.com>
Ross Boucher <rboucher@gmail.com>
Rui Cao <ruicao@alauda.io>
Runshen Zhu <runshen.zhu@gmail.com>
Ryan Stelly <ryan.stelly@live.com>
Ryoga Saito <contact@proelbtn.com>
Ryoga Saito <contact@proelbtn.com> <proelbtn@users.noreply.github.com>
Sainath Grandhi <sainath.grandhi@intel.com>
Sainath Grandhi <sainath.grandhi@intel.com> <saiallforums@gmail.com>
Sakeven Jiang <jc5930@sina.cn>
Samuel Karp <me@samuelkarp.com> <skarp@amazon.com>
Sandeep Bansal <sabansal@microsoft.com>
Sandeep Bansal <sabansal@microsoft.com> <msabansal@microsoft.com>
Santhosh Manohar <santhosh@docker.com>
Sargun Dhillon <sargun@netflix.com> <sargun@sargun.me>
Sean Lee <seanlee@tw.ibm.com> <scaleoutsean@users.noreply.github.com>
Sebastiaan van Stijn <github@gone.nl>
Sebastiaan van Stijn <github@gone.nl> <moby@example.com>
Sebastiaan van Stijn <github@gone.nl> <sebastiaan@ws-key-sebas3.dpi1.dpi>
Sebastiaan van Stijn <github@gone.nl> <thaJeztah@users.noreply.github.com>
Shaun Kaasten <shaunk@gmail.com>
Shawn Landden <shawn@churchofgit.com> <shawnlandden@gmail.com>
Shengbo Song <thomassong@tencent.com>
Shengbo Song <thomassong@tencent.com> <mymneo@163.com>
Shih-Yuan Lee <fourdollars@gmail.com>
Shishir Mahajan <shishir.mahajan@redhat.com> <smahajan@redhat.com>
Shu-Wai Chow <shu-wai.chow@seattlechildrens.org>
Shukui Yang <yangshukui@huawei.com>
Shuwei Hao <haosw@cn.ibm.com>
Shuwei Hao <haosw@cn.ibm.com> <haoshuwei24@gmail.com>
Sidhartha Mani <sidharthamn@gmail.com>
Sjoerd Langkemper <sjoerd-github@linuxonly.nl> <sjoerd@byte.nl>
Smark Meng <smark@freecoop.net>
Smark Meng <smark@freecoop.net> <smarkm@users.noreply.github.com>
Solomon Hykes <solomon@docker.com> <s@docker.com>
Solomon Hykes <solomon@docker.com> <solomon.hykes@dotcloud.com>
Solomon Hykes <solomon@docker.com> <solomon@dotcloud.com>
Soshi Katsuta <soshi.katsuta@gmail.com>
Soshi Katsuta <soshi.katsuta@gmail.com> <katsuta_soshi@cyberagent.co.jp>
Sridhar Ratnakumar <sridharr@activestate.com>
Sridhar Ratnakumar <sridharr@activestate.com> <github@srid.name>
Srini Brahmaroutu <srbrahma@us.ibm.com> <sbrahma@us.ibm.com>
Srinivasan Srivatsan <srinivasan.srivatsan@hpe.com> <srinsriv@users.noreply.github.com>
Stefan Berger <stefanb@linux.vnet.ibm.com>
Stefan Berger <stefanb@linux.vnet.ibm.com> <stefanb@us.ibm.com>
Stefan J. Wernli <swernli@microsoft.com> <swernli@ntdev.microsoft.com>
Stefan S. <tronicum@user.github.com>
Stefan Scherer <stefan.scherer@docker.com>
Stefan Scherer <stefan.scherer@docker.com> <scherer_stefan@icloud.com>
Stephan Spindler <shutefan@gmail.com> <shutefan@users.noreply.github.com>
Stephen Day <stevvooe@gmail.com>
Stephen Day <stevvooe@gmail.com> <stephen.day@docker.com>
Stephen Day <stevvooe@gmail.com> <stevvooe@users.noreply.github.com>
Steve Desmond <steve@vtsv.ca> <stevedesmond-ca@users.noreply.github.com>
Sun Gengze <690388648@qq.com>
Sun Jianbo <wonderflow.sun@gmail.com>
Sun Jianbo <wonderflow.sun@gmail.com> <wonderflow@zju.edu.cn>
Sven Dowideit <SvenDowideit@home.org.au>
Sven Dowideit <SvenDowideit@home.org.au> <sven@t440s.home.gateway>
Sven Dowideit <SvenDowideit@home.org.au> <SvenDowideit@docker.com>
Sven Dowideit <SvenDowideit@home.org.au> <SvenDowideit@fosiki.com>
Sven Dowideit <SvenDowideit@home.org.au> <SvenDowideit@home.org.au>
Sven Dowideit <SvenDowideit@home.org.au> <SvenDowideit@users.noreply.github.com>
Sven Dowideit <SvenDowideit@home.org.au> <¨SvenDowideit@home.org.au¨>
Sylvain Baubeau <lebauce@gmail.com>
Sylvain Baubeau <lebauce@gmail.com> <sbaubeau@redhat.com>
Sylvain Bellemare <sylvain@ascribe.io>
Sylvain Bellemare <sylvain@ascribe.io> <sylvain.bellemare@ezeep.com>
Tangi Colin <tangicolin@gmail.com>
Tejesh Mehta <tejesh.mehta@gmail.com> <tj@init.me>
Terry Chu <zue.hterry@gmail.com>
Terry Chu <zue.hterry@gmail.com> <jubosh.tw@gmail.com>
Thatcher Peskens <thatcher@docker.com>
Thatcher Peskens <thatcher@docker.com> <thatcher@dotcloud.com>
Thatcher Peskens <thatcher@docker.com> <thatcher@gmx.net>
Thiago Alves Silva <thiago.alves@aurea.com>
Thiago Alves Silva <thiago.alves@aurea.com> <thiagoalves@users.noreply.github.com>
Thomas Gazagnaire <thomas@gazagnaire.org> <thomas@gazagnaire.com>
Thomas Ledos <thomas.ledos92@gmail.com>
Thomas Léveil <thomasleveil@gmail.com>
Thomas Léveil <thomasleveil@gmail.com> <thomasleveil@users.noreply.github.com>
Tibor Vass <teabee89@gmail.com> <tibor@docker.com>
Tibor Vass <teabee89@gmail.com> <tiborvass@users.noreply.github.com>
Till Claassen <pixelistik@users.noreply.github.com>
Tim Bart <tim@fewagainstmany.com>
Tim Bosse <taim@bosboot.org> <maztaim@users.noreply.github.com>
Tim Potter <tpot@hpe.com>
Tim Potter <tpot@hpe.com> <tpot@Tims-MacBook-Pro.local>
Tim Ruffles <oi@truffles.me.uk> <timruffles@googlemail.com>
Tim Terhorst <mynamewastaken+git@gmail.com>
Tim Wagner <tim.wagner@freenet.ag>
Tim Wagner <tim.wagner@freenet.ag> <33624860+herrwagner@users.noreply.github.com>
Tim Zju <21651152@zju.edu.cn>
Timothy Hobbs <timothyhobbs@seznam.cz>
Toli Kuznets <toli@docker.com>
Tom Barlow <tomwbarlow@gmail.com>
Tom Denham <tom@tomdee.co.uk>
Tom Denham <tom@tomdee.co.uk> <tom.denham@metaswitch.com>
Tom Sweeney <tsweeney@redhat.com>
Tom Wilkie <tom.wilkie@gmail.com>
Tom Wilkie <tom.wilkie@gmail.com> <tom@weave.works>
Tõnis Tiigi <tonistiigi@gmail.com>
Trace Andreason <tandreason@gmail.com>
Trapier Marshall <tmarshall@mirantis.com>
Trapier Marshall <tmarshall@mirantis.com> <trapier.marshall@docker.com>
Trishna Guha <trishnaguha17@gmail.com>
Tristan Carel <tristan@cogniteev.com>
Tristan Carel <tristan@cogniteev.com> <tristan.carel@gmail.com>
Tyler Brown <tylers.pile@gmail.com>
Umesh Yadav <umesh4257@gmail.com>
Umesh Yadav <umesh4257@gmail.com> <dungeonmaster18@users.noreply.github.com>
Victor Lyuboslavsky <victor@victoreda.com>
Victor Vieux <victor.vieux@docker.com> <dev@vvieux.com>
Victor Vieux <victor.vieux@docker.com> <victor.vieux@dotcloud.com>
Victor Vieux <victor.vieux@docker.com> <victor@docker.com>
Victor Vieux <victor.vieux@docker.com> <victor@dotcloud.com>
Victor Vieux <victor.vieux@docker.com> <victorvieux@gmail.com>
Victor Vieux <victor.vieux@docker.com> <vieux@docker.com>
Vikas Choudhary <choudharyvikas16@gmail.com>
Vikram bir Singh <vsingh@mirantis.com>
Vikram bir Singh <vsingh@mirantis.com> <vikrambir.singh@docker.com>
Viktor Vojnovski <viktor.vojnovski@amadeus.com> <vojnovski@gmail.com>
Vincent Batts <vbatts@redhat.com> <vbatts@hashbangbash.com>
Vincent Bernat <vincent@bernat.ch>
Vincent Bernat <vincent@bernat.ch> <bernat@luffy.cx>
Vincent Bernat <vincent@bernat.ch> <Vincent.Bernat@exoscale.ch>
Vincent Bernat <vincent@bernat.ch> <vincent@bernat.im>
Vincent Boulineau <vincent.boulineau@datadoghq.com>
Vincent Demeester <vincent.demeester@docker.com> <vincent+github@demeester.fr>
Vincent Demeester <vincent.demeester@docker.com> <vincent@demeester.fr>
Vincent Demeester <vincent.demeester@docker.com> <vincent@sbr.pm>
Vishnu Kannan <vishnuk@google.com>
Vitaly Ostrosablin <vostrosablin@virtuozzo.com>
Vitaly Ostrosablin <vostrosablin@virtuozzo.com> <tmp6154@yandex.ru>
Vladimir Rutsky <altsysrq@gmail.com> <iamironbob@gmail.com>
Vladislav Kolesnikov <vkolesnikov@beget.ru>
Vladislav Kolesnikov <vkolesnikov@beget.ru> <prime@vladqa.ru>
Walter Stanish <walter@pratyeka.org>
Wang Chao <chao.wang@ucloud.cn>
Wang Chao <chao.wang@ucloud.cn> <wcwxyz@gmail.com>
Wang Guoliang <liangcszzu@163.com>
Wang Jie <wangjie5@chinaskycloud.com>
Wang Ping <present.wp@icloud.com>
Wang Xing <hzwangxing@corp.netease.com> <root@localhost>
Wang Yuexiao <wang.yuexiao@zte.com.cn>
Wayne Chang <wayne@neverfear.org>
Wayne Song <wsong@docker.com> <wsong@users.noreply.github.com>
Wei Wu <wuwei4455@gmail.com> cizixs <cizixs@163.com>
Wen Cheng Ma <wenchma@cn.ibm.com>
Wenjun Tang <tangwj2@lenovo.com> <dodia@163.com>
Wewang Xiaorenfine <wang.xiaoren@zte.com.cn>
Will Weaver <monkey@buildingbananas.com>
Wing-Kam Wong <wingkwong.code@gmail.com>
WuLonghui <wlh6666@qq.com>
Xian Chaobo <xianchaobo@huawei.com>
Xian Chaobo <xianchaobo@huawei.com> <jimmyxian2004@yahoo.com.cn>
Xianglin Gao <xlgao@zju.edu.cn>
Xianjie <guxianjie@gmail.com>
Xianjie <guxianjie@gmail.com> <datastream@datastream-laptop.local>
Xianlu Bird <xianlubird@gmail.com>
Xiao YongBiao <xyb4638@gmail.com>
Xiao Zhang <xiaozhang0210@hotmail.com>
Xiaodong Liu <liuxiaodong@loongson.cn>
Xiaodong Zhang <a4012017@sina.com>
Xiaohua Ding <xiao_hua_ding@sina.cn>
Xiaoyu Zhang <zhang.xiaoyu33@zte.com.cn>
Xuecong Liao <satorulogic@gmail.com>
Yamasaki Masahide <masahide.y@gmail.com>
Yao Zaiyong <yaozaiyong@hotmail.com>
Yassine Tijani <yasstij11@gmail.com>
Yazhong Liu <yorkiefixer@gmail.com>
Yestin Sun <sunyi0804@gmail.com> <yestin.sun@polyera.com>
Yi EungJun <eungjun.yi@navercorp.com> <semtlenori@gmail.com>
Ying Li <ying.li@docker.com>
Ying Li <ying.li@docker.com> <cyli@twistedmatrix.com>
Yong Tang <yong.tang.github@outlook.com> <yongtang@users.noreply.github.com>
Yongxin Li <yxli@alauda.io>
Yosef Fertel <yfertel@gmail.com> <frosforever@users.noreply.github.com>
Yu Changchun <yuchangchun1@huawei.com>
Yu Chengxia <yuchengxia@huawei.com>
Yu Peng <yu.peng36@zte.com.cn>
Yu Peng <yu.peng36@zte.com.cn> <yupeng36@zte.com.cn>
Yue Zhang <zy675793960@yeah.net>
Yufei Xiong <yufei.xiong@qq.com>
Zach Gershman <zachgersh@gmail.com>
Zach Gershman <zachgersh@gmail.com> <zachgersh@users.noreply.github.com>
Zachary Jaffee <zjaffee@us.ibm.com> <zij@case.edu>
Zachary Jaffee <zjaffee@us.ibm.com> <zjaffee@apache.org>
ZhangHang <stevezhang2014@gmail.com>
Zhenkun Bi <bi.zhenkun@zte.com.cn>
Zhou Hao <zhouhao@cn.fujitsu.com>
Zhoulin Xie <zhoulin.xie@daocloud.io>
Zhu Kunjia <zhu.kunjia@zte.com.cn>
Ziheng Liu <lzhfromustc@gmail.com>
Zou Yu <zouyu7@huawei.com>
Zuhayr Elahi <zuhayr.elahi@docker.com>
Zuhayr Elahi <zuhayr.elahi@docker.com> <elahi.zuhayr@gmail.com>
정재영 <jjy600901@gmail.com>
정재영 <jjy600901@gmail.com> <43400316+J-jaeyoung@users.noreply.github.com>
